Tail Number,task_code,Started_Date_x,Completed_Date_x,oamt_barcode
123456,05-25-11,2019-06-04 20:04:48,2019-06-04 20:15:00,CEAR
123456,05-25-11,2019-06-04 17:04:00,2019-06-04 19:04:00,CEAQ
123456,05-25-11,2019-06-04 17:13:00,2019-06-04 23:13:00,CEAQ
123456,05-25-11,2019-06-04 18:13:12,2019-06-04 20:39:00,CEAQ
123456,05-25-11,2019-06-04 18:26:00,2019-06-04 19:26:00,CEAQ
123456,05-25-11,2019-06-04 18:29:12,2019-06-04 19:19:00,CEAQ
123456,05-25-11,2019-06-04 18:38:00,2019-06-04 19:38:00,CEAQ
123456,05-25-11,2019-06-04 18:58:00,2019-06-04 19:58:00,CEAQ
123456,05-25-11,2019-06-04 19:26:00,2019-06-04 21:56:00,CEAQ
123456,05-25-11,2019-06-04 21:37:00,2019-06-04 22:07:00,CEAQ
123456,05-25-11,2019-06-04 23:14:00,2019-06-04 23:59:00,CEAQ
123456,05-25-11,2019-06-04 23:32:00,2019-06-05 0:02:00,CEAQ
123456,05-25-11,2019-06-04 23:40:00,2019-06-05 0:25:00,CEAQ
123456,05-25-11,2019-06-04 18:39:48,2019-06-04 19:20:00,CEAE
123456,05-25-11,2019-06-04 19:30:48,2019-06-04 20:35:00,CEAE
123456,05-25-11,2019-06-04 23:10:00,2019-06-04 23:11:00,CEAE
123456,05-25-11,2019-06-04 16:33:00,2019-06-04 19:09:37,CEAF
123456,05-25-11,2019-06-04 19:09:37,2019-06-04 22:33:00,CEAF
123456,05-25-11,2019-06-04 20:10:12,2019-06-04 21:00:00,CEAF
123456,05-25-11,2019-06-04 18:32:00,2019-06-04 19:32:00,CEAH
123456,05-25-11,2019-06-04 21:46:00,2019-06-04 22:51:12,CEAH
123456,05-25-11,2019-06-04 22:33:00,2019-06-04 22:51:12,CEAH
123456,05-25-11,2019-06-04 22:51:12,2019-06-04 23:16:00,CEAH
123456,05-25-11,2019-06-04 22:51:12,2019-06-04 23:33:00,CEAH
123456,05-25-11,2019-06-04 23:42:00,2019-06-04 23:43:00,CEAH
123456,05-25-11,2019-06-04 18:21:00,2019-06-04 19:21:00,CEAJ
123456,05-25-11,2019-06-04 20:33:00,2019-06-04 22:33:00,CEAJ
123456,05-25-11,2019-06-04 21:59:48,2019-06-04 22:40:00,CEAJ
123456,05-25-11,2019-06-04 22:49:48,2019-06-04 22:51:00,CEAJ
123456,05-25-11,2019-06-04 18:55:48,2019-06-04 19:06:00,CEAN
123456,05-25-11,2019-06-04 18:42:12,2019-06-04 18:55:10,CEAP
123456,05-25-11,2019-06-04 18:55:10,2019-06-04 19:02:00,CEAP
123456,05-25-11,2019-06-04 23:30:00,2019-06-05 0:11:07,CEAC
123456,05-25-11,2019-06-05 0:11:07,2019-06-05 0:30:00,CEAC
123456,05-25-11,2019-06-05 0:41:48,2019-06-05 0:52:00,CEAC
123456,05-25-11,2019-06-04 17:07:00,2019-06-04 19:07:00,CEAS
123456,05-25-11,2019-06-04 18:40:12,2019-06-04 19:30:00,CEAS
123456,05-25-11,2019-06-04 19:26:12,2019-06-04 20:16:00,CEAS
123456,05-25-11,2019-06-04 21:39:48,2019-06-04 22:05:00,CEAS
123456,05-25-11,2019-06-04 22:45:00,2019-06-04 23:45:00,CEAS
123456,05-25-11,2019-06-04 18:59:48,2019-06-04 19:40:00,CEAK
123456,05-25-11,2019-06-04 22:26:00,2019-06-04 22:56:00,CEAK
123456,05-25-11,2019-06-04 20:38:00,2019-06-04 22:38:00,CEAL
123456,05-25-11,2019-06-04 23:24:12,2019-06-04 23:44:00,CEAM
123456,05-25-11,2019-06-04 19:23:00,2019-06-04 19:29:00,CEAG
123456,05-25-11,2019-06-04 22:02:00,2019-06-04 23:02:00,CEAG
123456,05-25-14,2019-06-18 20:58:00,2019-06-18 21:13:00,CM0C
123456,05-25-14,2019-06-18 19:48:00,2019-06-18 21:18:00,CM0B
123456,05-25-14,2019-06-18 20:30:48,2019-06-18 21:35:00,CM0B
123456,05-25-14,2019-06-18 21:54:00,2019-06-18 22:32:55,CM0B
123456,05-25-14,2019-06-18 22:32:55,2019-06-18 22:54:00,CM0B
123456,05-25-14,2019-06-18 21:13:00,2019-06-18 21:31:56,CM0E
123456,05-25-14,2019-06-18 21:31:56,2019-06-18 21:58:00,CM0E
123456,05-25-14,2019-06-18 22:27:00,2019-06-18 22:56:38,CM0A
123456,05-25-14,2019-06-18 22:56:38,2019-06-18 22:57:00,CM0A
123456,05-25-14,2019-06-18 22:59:00,2019-06-18 23:05:00,CM0A
123456,05-25-14,2019-06-18 20:53:00,2019-06-18 21:23:00,CM0D
123456,05-25-14,2019-06-18 21:44:00,2019-06-18 21:52:00,CM0D
123456,05-25-14,2019-06-18 21:52:00,2019-06-18 22:44:00,CM0D
123456,05-26-03,2019-06-03 9:47:00,2019-06-03 10:06:06,C5E5
123456,05-26-03,2019-06-03 10:06:06,2019-06-03 10:47:00,C5E5
123456,05-26-03,2019-06-04 0:31:00,2019-06-04 0:37:00,C5E5
123456,05-26-03,2019-06-03 10:48:48,2019-06-03 13:37:47,C5E6
123456,05-26-03,2019-06-03 10:50:48,2019-06-03 13:37:47,C5E6
123456,05-26-03,2019-06-03 11:02:48,2019-06-03 11:13:00,C5E6
123456,05-26-03,2019-06-03 11:07:48,2019-06-03 13:37:47,C5E6
123456,05-26-03,2019-06-03 11:12:48,2019-06-03 13:37:47,C5E6
123456,05-26-03,2019-06-03 13:37:47,2019-06-03 14:09:00,C5E6
123456,05-26-03,2019-06-03 13:37:47,2019-06-03 14:14:00,C5E6
123456,05-26-03,2019-06-03 13:37:47,2019-06-03 15:43:00,C5E6
123456,05-26-03,2019-06-03 13:37:47,2019-06-03 17:35:00,C5E6
123456,05-26-03,2019-06-04 15:45:00,2019-06-04 16:45:00,C5E6
123456,05-26-03,2019-06-04 17:36:00,2019-06-04 17:51:00,C5E6
123456,05-26-03,2019-06-04 18:10:12,2019-06-04 18:18:00,C5E4
123456,05-26-05,2019-06-05 20:42:48,2019-06-05 20:53:00,CHT6
123456,05-26-05,2019-06-12 20:55:00,2019-06-12 21:12:55,CMNB
123456,05-26-05,2019-06-12 21:12:55,2019-06-12 21:40:00,CMNB
123456,05-26-05,2019-06-21 21:06:48,2019-06-21 21:17:00,CQV3
123456,05-26-05,2019-06-28 15:23:12,2019-06-28 15:41:07,CX0M
123456,05-26-05,2019-06-28 15:40:12,2019-06-28 15:41:07,CX0M
123456,05-26-05,2019-06-28 15:41:07,2019-06-28 15:43:00,CX0M
123456,05-26-05,2019-06-28 15:41:07,2019-06-28 15:45:00,CX0M
123456,05-26-05,2019-06-05 20:43:48,2019-06-05 20:54:00,CHT2
123456,05-26-05,2019-06-12 20:38:00,2019-06-12 21:19:54,CMN7
123456,05-26-05,2019-06-12 21:19:54,2019-06-12 21:38:00,CMN7
123456,05-26-05,2019-06-21 21:19:00,2019-06-21 21:49:00,CQUZ
123456,05-26-05,2019-06-28 15:13:00,2019-06-28 15:54:54,CX0H
123456,05-26-05,2019-06-28 15:54:54,2019-06-28 16:13:00,CX0H
123456,05-26-05,2019-06-05 21:03:12,2019-06-05 21:23:00,CHT4
123456,05-26-05,2019-06-12 21:10:00,2019-06-12 21:37:30,CMN9
123456,05-26-05,2019-06-12 21:37:30,2019-06-12 21:40:00,CMN9
123456,05-26-05,2019-06-21 21:20:00,2019-06-21 21:47:30,CQV1
123456,05-26-05,2019-06-21 21:47:30,2019-06-21 21:50:00,CQV1
123456,05-26-05,2019-06-28 15:58:12,2019-06-28 16:18:00,CX0K
123456,05-26-05,2019-06-05 20:53:12,2019-06-05 20:55:00,CHT5
123456,05-26-05,2019-06-12 21:05:12,2019-06-12 21:10:00,CMNA
123456,05-26-05,2019-06-21 20:36:00,2019-06-21 21:06:00,CQV2
123456,05-26-05,2019-06-21 21:06:12,2019-06-21 21:11:00,CQV2
123456,05-26-05,2019-06-28 16:18:12,2019-06-28 16:23:00,CX0L
123456,05-26-05,2019-06-05 21:03:00,2019-06-05 21:29:00,CHT3
123456,05-26-05,2019-06-05 21:29:00,2019-06-05 21:33:00,CHT3
123456,05-26-05,2019-06-05 21:33:00,2019-06-05 21:36:00,CHT3
123456,05-26-05,2019-06-12 20:42:00,2019-06-12 21:08:00,CMN8
123456,05-26-05,2019-06-12 21:08:00,2019-06-12 21:42:00,CMN8
123456,05-26-05,2019-06-12 22:38:12,2019-06-12 22:43:00,CMN8
123456,05-26-05,2019-06-21 21:55:00,2019-06-21 21:58:00,CQV0
123456,05-70-00,2019-06-07 20:47:00,2019-06-07 21:32:00,CHLJ
123456,05-70-00,2019-06-07 20:59:12,2019-06-07 21:04:00,CHLJ
123456,05-70-00,2019-06-12 19:07:00,2019-06-12 19:37:00,CNV9
123456,05-70-00,2019-06-12 21:34:00,2019-06-12 22:34:00,CNV9
123456,05-70-00,2019-06-18 20:01:48,2019-06-18 20:03:00,CQV7
123456,05-70-00,2019-06-18 21:09:00,2019-06-18 22:09:00,CQV7
123456,05-70-00,2019-06-11 20:02:00,2019-06-11 21:02:00,CFAA
123456,05-70-00,2019-06-11 19:23:00,2019-06-11 21:08:00,CFAB
123456,05-70-00,2019-06-11 20:00:00,2019-06-11 21:00:00,CFAB
123456,05-70-00,2019-06-18 20:54:00,2019-06-18 21:49:17,CE74
123456,05-70-00,2019-06-18 21:49:17,2019-06-18 21:54:00,CE74
123456,05-70-00,2019-06-13 19:44:00,2019-06-13 20:07:51,CE4S
123456,05-70-00,2019-06-13 20:07:51,2019-06-13 20:32:00,CE4S
123456,05-70-00,2019-06-13 21:25:48,2019-06-13 21:36:00,CE37
123456,05-70-00,2019-06-12 19:09:00,2019-06-12 19:39:00,CHL1
123456,05-70-00,2019-06-12 21:36:00,2019-06-12 22:36:00,CHL1
123456,05-70-00,2019-06-01 20:31:12,2019-06-01 20:39:00,CKST
123456,05-70-00,2019-06-05 19:21:12,2019-06-05 19:29:00,CKTM
123456,05-70-00,2019-06-09 16:53:00,2019-06-09 17:05:00,CMGY
123456,05-70-00,2019-06-11 18:12:12,2019-06-11 18:23:00,CP19
123456,05-70-00,2019-06-13 21:46:00,2019-06-13 22:16:00,CQ65
123456,05-70-00,2019-06-18 19:54:12,2019-06-18 20:05:00,CRFH
123456,12-30-40,2019-06-01 19:09:00,2019-06-01 20:58:51,CKQ7
123456,12-30-40,2019-06-01 20:29:12,2019-06-01 20:34:00,CKQ7
123456,12-30-40,2019-06-01 20:41:48,2019-06-01 20:58:51,CKQ7
123456,12-30-40,2019-06-01 20:58:51,2019-06-01 21:07:00,CKQ7
123456,12-30-40,2019-06-01 20:58:51,2019-06-01 21:09:00,CKQ7
123456,12-30-40,2019-06-05 19:09:00,2019-06-05 20:09:00,CLSC
123456,12-30-40,2019-06-05 19:19:12,2019-06-05 19:24:00,CLSC
123456,12-30-40,2019-06-05 19:35:00,2019-06-05 20:35:00,CLSC
123456,12-30-40,2019-06-05 19:36:00,2019-06-05 20:06:00,CLSC
123456,12-30-40,2019-06-05 19:46:00,2019-06-05 20:16:00,CLSC
123456,12-30-40,2019-06-05 20:20:00,2019-06-05 20:50:00,CLSC
123456,12-30-40,2019-06-07 20:43:12,2019-06-07 21:03:00,CMNQ
123456,12-30-40,2019-06-07 20:47:00,2019-06-07 21:17:00,CMNQ
123456,12-30-40,2019-06-07 20:49:00,2019-06-07 21:19:00,CMNQ
123456,12-30-40,2019-06-07 20:51:12,2019-06-07 21:11:00,CMNQ
123456,12-30-40,2019-06-07 20:55:12,2019-06-07 21:15:00,CMNQ
123456,12-30-40,2019-06-07 21:08:12,2019-06-07 21:13:00,CMNQ
123456,12-30-40,2019-06-07 21:13:48,2019-06-07 21:24:00,CMNQ
123456,12-30-40,2019-06-08 17:17:00,2019-06-08 18:02:00,CNUA
123456,12-30-40,2019-06-08 17:24:12,2019-06-08 18:14:00,CNUA
123456,12-30-40,2019-06-08 18:09:48,2019-06-08 18:26:00,CNUA
123456,12-30-40,2019-06-08 18:22:00,2019-06-08 18:34:00,CNUA
123456,12-30-40,2019-06-09 16:21:12,2019-06-09 17:11:00,CP05
123456,12-30-40,2019-06-09 16:54:00,2019-06-09 17:24:00,CP05
123456,12-30-40,2019-06-09 17:00:00,2019-06-09 17:15:00,CP05
123456,12-30-40,2019-06-09 17:23:00,2019-06-09 17:41:00,CP05
123456,12-30-40,2019-06-10 16:16:48,2019-06-10 16:57:00,CP37
123456,12-30-40,2019-06-10 16:26:00,2019-06-10 17:26:00,CP37
123456,12-30-40,2019-06-10 16:32:00,2019-06-10 16:35:00,CP37
123456,12-30-40,2019-06-10 16:33:00,2019-06-10 17:33:00,CP37
123456,12-30-40,2019-06-10 16:36:00,2019-06-10 17:06:00,CP37
123456,12-30-40,2019-06-10 17:12:00,2019-06-10 17:42:00,CP37
123456,12-30-40,2019-06-11 18:07:12,2019-06-11 18:18:00,CPFV
123456,12-30-40,2019-06-11 18:45:48,2019-06-11 19:26:00,CPFV
123456,12-30-40,2019-06-11 18:56:00,2019-06-11 19:38:00,CPFV
123456,12-30-40,2019-06-11 18:59:00,2019-06-11 19:29:00,CPFV
123456,12-30-40,2019-06-11 19:13:00,2019-06-11 20:13:00,CPFV
123456,12-30-40,2019-06-11 19:46:00,2019-06-11 19:58:00,CPFV
123456,12-30-40,2019-06-12 18:43:48,2019-06-12 18:54:00,CQBU
123456,12-30-40,2019-06-12 19:06:00,2019-06-12 19:54:00,CQBU
123456,12-30-40,2019-06-12 19:29:00,2019-06-12 19:59:00,CQBU
123456,12-30-40,2019-06-12 19:34:00,2019-06-12 20:04:00,CQBU
123456,12-30-40,2019-06-12 19:41:00,2019-06-12 20:11:00,CQBU
123456,12-30-40,2019-06-12 19:45:00,2019-06-12 20:00:00,CQBU
123456,12-30-40,2019-06-13 19:24:00,2019-06-13 19:54:00,CQTN
123456,12-30-40,2019-06-13 19:25:48,2019-06-13 20:06:00,CQTN
123456,12-30-40,2019-06-13 19:57:00,2019-06-13 20:27:00,CQTN
123456,12-30-40,2019-06-13 20:05:12,2019-06-13 20:13:00,CQTN
123456,12-30-40,2019-06-13 20:13:12,2019-06-13 20:24:00,CQTN
123456,12-30-40,2019-06-13 20:41:00,2019-06-13 21:11:00,CQTN
123456,12-30-40,2019-06-18 19:42:12,2019-06-18 19:53:00,CTLM
123456,12-30-40,2019-06-18 19:42:48,2019-06-18 20:23:00,CTLM
123456,12-30-40,2019-06-18 19:55:00,2019-06-18 20:40:00,CTLM
123456,12-30-40,2019-06-18 19:56:00,2019-06-18 20:41:00,CTLM
123456,12-30-40,2019-06-18 20:05:12,2019-06-18 20:25:00,CTLM
123456,12-30-40,2019-06-18 20:05:12,2019-06-18 20:25:00,CTLM
123456,12-30-40,2019-06-18 20:11:00,2019-06-18 20:41:00,CTLM
123456,12-30-40,2019-06-18 21:14:00,2019-06-18 21:20:00,CTLM
123456,12-30-40,2019-06-19 17:28:00,2019-06-19 17:58:00,CU20
123456,12-30-40,2019-06-19 17:49:12,2019-06-19 18:39:00,CU20
123456,12-30-40,2019-06-19 18:14:00,2019-06-19 18:44:00,CU20
123456,12-30-40,2019-06-19 18:23:00,2019-06-19 19:08:00,CU20
123456,12-30-40,2019-06-19 18:36:00,2019-06-19 19:17:51,CU20
123456,12-30-40,2019-06-19 19:17:51,2019-06-19 19:21:00,CU20
123456,12-30-40,2019-06-19 19:35:12,2019-06-19 19:40:00,CU20
123456,12-30-40,2019-06-04 23:24:12,2019-06-05 0:44:00,CLS7
123456,12-30-40,2019-06-04 23:56:00,2019-06-05 0:41:00,CLS7
123456,12-30-40,2019-06-04 23:58:12,2019-06-05 0:47:50,CLS7
123456,12-30-40,2019-06-05 0:04:00,2019-06-05 0:34:00,CLS7
123456,12-30-40,2019-06-05 0:36:12,2019-06-05 0:47:50,CLS7
123456,12-30-40,2019-06-05 0:47:50,2019-06-05 0:48:00,CLS7
123456,12-30-40,2019-06-05 0:47:50,2019-06-05 0:56:00,CLS7
123456,12-30-40,2019-06-06 15:02:00,2019-06-06 15:32:00,CMNN
123456,12-30-40,2019-06-06 15:06:00,2019-06-06 16:06:00,CMNN
123456,12-30-40,2019-06-06 15:41:12,2019-06-06 16:01:00,CMNN
123456,12-30-40,2019-06-06 15:52:12,2019-06-06 16:12:00,CMNN
123456,12-30-40,2019-06-06 16:26:12,2019-06-06 16:34:00,CMNN
123456,12-30-40,2019-06-06 18:20:00,2019-06-06 19:20:00,CMZQ
123456,12-30-40,2019-06-06 18:21:00,2019-06-06 19:06:00,CMZQ
123456,12-30-40,2019-06-06 18:28:00,2019-06-06 19:28:00,CMZQ
123456,12-30-40,2019-06-06 18:37:00,2019-06-06 19:07:00,CMZQ
123456,12-30-40,2019-06-06 19:40:12,2019-06-06 19:45:00,CMZQ
123456,12-30-40,2019-06-07 20:41:00,2019-06-07 21:41:00,CNU9
123456,12-30-40,2019-06-07 21:03:48,2019-06-07 21:44:00,CNU9
123456,12-30-40,2019-06-07 21:17:00,2019-06-07 21:47:00,CNU9
123456,12-30-40,2019-06-07 21:26:12,2019-06-07 21:46:00,CNU9
123456,12-30-40,2019-06-07 21:50:12,2019-06-07 21:52:00,CNU9
123456,12-30-40,2019-06-07 22:57:12,2019-06-07 23:02:00,CNU9
123456,12-30-40,2019-06-09 12:45:12,2019-06-09 13:35:00,CP04
123456,12-30-40,2019-06-09 12:48:48,2019-06-09 13:44:00,CP04
123456,12-30-40,2019-06-09 13:30:00,2019-06-09 13:54:00,CP04
123456,12-30-40,2019-06-09 13:40:00,2019-06-09 13:58:00,CP04
123456,12-30-40,2019-06-10 10:17:00,2019-06-10 11:02:00,CP36
123456,12-30-40,2019-06-10 10:25:00,2019-06-10 10:55:00,CP36
123456,12-30-40,2019-06-10 10:35:12,2019-06-10 10:55:00,CP36
123456,12-30-40,2019-06-10 10:36:00,2019-06-10 11:06:00,CP36
123456,12-30-40,2019-06-10 10:38:00,2019-06-10 11:38:00,CP36
123456,12-30-40,2019-06-10 10:47:00,2019-06-10 11:40:38,CP36
123456,12-30-40,2019-06-10 10:58:00,2019-06-10 11:13:00,CP36
123456,12-30-40,2019-06-10 11:40:38,2019-06-10 11:47:00,CP36
123456,12-30-40,2019-06-10 12:10:00,2019-06-10 12:11:00,CP36
123456,12-30-40,2019-06-10 19:22:00,2019-06-10 20:22:00,CPFU
123456,12-30-40,2019-06-10 19:47:00,2019-06-10 20:17:00,CPFU
123456,12-30-40,2019-06-10 20:01:00,2019-06-10 20:31:00,CPFU
123456,12-30-40,2019-06-10 20:15:00,2019-06-10 20:45:00,CPFU
123456,12-30-40,2019-06-10 20:16:12,2019-06-10 20:36:00,CPFU
123456,12-30-40,2019-06-10 21:07:12,2019-06-10 21:07:50,CPFU
123456,12-30-40,2019-06-10 21:07:50,2019-06-10 21:12:00,CPFU
123456,12-30-40,2019-06-11 22:53:00,2019-06-11 23:53:00,CQBT
123456,12-30-40,2019-06-11 23:10:12,2019-06-11 23:45:00,CQBT
123456,12-30-40,2019-06-11 23:29:00,2019-06-11 23:59:00,CQBT
123456,12-30-40,2019-06-12 0:19:12,2019-06-12 0:36:50,CQBT
123456,12-30-40,2019-06-12 0:28:00,2019-06-12 0:36:50,CQBT
123456,12-30-40,2019-06-12 0:36:50,2019-06-12 0:39:00,CQBT
123456,12-30-40,2019-06-12 0:36:50,2019-06-12 0:58:00,CQBT
123456,12-30-40,2019-06-12 22:29:12,2019-06-12 23:16:00,CQTM
123456,12-30-40,2019-06-12 22:51:00,2019-06-12 23:21:00,CQTM
123456,12-30-40,2019-06-12 22:56:00,2019-06-12 23:26:00,CQTM
123456,12-30-40,2019-06-12 23:27:00,2019-06-12 23:53:50,CQTM
123456,12-30-40,2019-06-12 23:48:00,2019-06-12 23:53:50,CQTM
123456,12-30-40,2019-06-12 23:53:50,2019-06-12 23:57:00,CQTM
123456,12-30-40,2019-06-12 23:53:50,2019-06-13 0:18:00,CQTM
123456,12-30-40,2019-06-13 23:03:00,2019-06-13 23:33:00,CRHM
123456,12-30-40,2019-06-13 23:13:00,2019-06-13 23:43:00,CRHM
123456,12-30-40,2019-06-13 23:17:00,2019-06-13 23:47:00,CRHM
123456,12-30-40,2019-06-13 23:17:12,2019-06-13 23:37:00,CRHM
123456,12-30-40,2019-06-13 23:29:48,2019-06-13 23:40:00,CRHM
123456,12-30-40,2019-06-14 0:09:00,2019-06-14 0:39:00,CRHM
123456,12-30-40,2019-06-17 23:43:00,2019-06-18 0:43:00,CTLL
123456,12-30-40,2019-06-18 0:07:00,2019-06-18 0:37:00,CTLL
123456,12-30-40,2019-06-18 0:17:00,2019-06-18 0:47:00,CTLL
123456,12-30-40,2019-06-18 0:27:00,2019-06-18 0:57:00,CTLL
123456,12-30-40,2019-06-18 0:28:00,2019-06-18 0:55:00,CTLL
123456,12-30-40,2019-06-18 1:31:00,2019-06-18 1:40:38,CTLL
123456,12-30-40,2019-06-18 1:40:38,2019-06-18 1:43:00,CTLL
123456,12-30-40,2019-06-18 22:39:00,2019-06-18 23:09:00,CU1Z
123456,12-30-40,2019-06-18 22:58:00,2019-06-18 23:28:00,CU1Z
123456,12-30-40,2019-06-18 23:14:12,2019-06-18 23:34:00,CU1Z
123456,12-30-40,2019-06-18 23:19:48,2019-06-18 23:45:00,CU1Z
123456,12-30-40,2019-06-18 23:34:48,2019-06-19 0:00:00,CU1Z
123456,12-30-40,2019-06-19 0:03:00,2019-06-19 0:05:38,CU1Z
123456,12-30-40,2019-06-19 0:05:38,2019-06-19 0:09:00,CU1Z
123456,148-DRED,2019-06-24 13:31:00,2019-06-24 14:01:00,CX87
123456,148-MDEV,2019-06-01 20:27:00,2019-06-01 20:42:00,CKQ1
123456,148-MDEV,2019-06-01 20:38:00,2019-06-01 20:50:00,CKQ4
123456,18-11-00,2019-06-07 18:40:00,2019-06-07 18:59:45,CML2
123456,18-11-00,2019-06-07 18:59:45,2019-06-07 19:25:00,CML2
123456,18-11-00,2019-06-07 20:48:00,2019-06-07 20:49:00,CML2
123456,18-11-00,2019-06-07 20:02:00,2019-06-07 20:17:00,CNHZ
123456,18-11-00,2019-06-07 20:17:00,2019-06-07 20:47:00,CNHZ
123456,19-10-00,2019-06-01 20:32:12,2019-06-01 20:37:00,CKPZ
123456,19-10-00,2019-06-05 19:06:00,2019-06-05 19:21:00,CLS9
123456,19-10-00,2019-06-07 20:42:12,2019-06-07 20:53:00,CMNR
123456,19-10-00,2019-06-08 21:21:00,2019-06-08 21:36:29,CNUB
123456,19-10-00,2019-06-08 21:36:29,2019-06-08 22:09:00,CNUB
123456,19-10-00,2019-06-09 16:59:00,2019-06-09 17:14:29,CP06
123456,19-10-00,2019-06-09 17:14:29,2019-06-09 17:17:00,CP06
123456,19-10-00,2019-06-10 16:21:12,2019-06-10 16:26:00,CP38
123456,19-10-00,2019-06-11 18:13:00,2019-06-11 18:16:00,CPFW
123456,19-10-00,2019-06-12 18:47:12,2019-06-12 18:52:00,CQBX
123456,19-10-00,2019-06-13 20:50:00,2019-06-13 21:05:29,CQTR
123456,19-10-00,2019-06-13 21:05:29,2019-06-13 21:20:00,CQTR
123456,19-10-00,2019-06-18 19:39:12,2019-06-18 19:50:00,CTLQ
123456,19-10-00,2019-06-19 17:23:00,2019-06-19 17:38:29,CU23
123456,19-10-00,2019-06-19 17:38:29,2019-06-19 17:53:00,CU23
123456,24-21-04,2019-06-20 16:08:00,2019-06-20 17:08:00,CVBN
123456,24-21-04,2019-06-20 19:09:48,2019-06-20 19:30:48,CVBN
123456,24-21-04,2019-06-20 19:30:48,2019-06-20 23:32:00,CVBN
123456,24-21-04,2019-06-20 19:42:12,2019-06-20 23:32:00,CVBN
123456,25-26-10,2019-06-11 21:19:00,2019-06-11 21:25:00,CQ6R
123456,25-26-10,2019-06-11 21:25:00,2019-06-11 21:49:00,CQ6R
123456,25-61-01,2019-06-03 10:33:00,2019-06-03 13:19:03,CKW7
123456,25-61-01,2019-06-03 13:19:03,2019-06-03 13:33:00,CKW7
123456,25-61-01,2019-06-03 13:46:00,2019-06-03 15:46:00,CKW7
123456,25-61-01,2019-06-04 10:46:00,2019-06-04 12:46:00,CKW7
123456,25-66-02,2019-06-06 13:45:00,2019-06-06 13:57:00,CMWH
123456,25-66-02,2019-06-06 13:45:00,2019-06-06 14:00:00,CMWE
123456,25-66-02,2019-06-06 15:11:00,2019-06-06 15:41:00,CMWH
123456,25-66-02,2019-06-06 15:27:00,2019-06-06 15:57:00,CMWE
123456,25-71-01,2019-06-03 15:45:48,2019-06-03 17:32:00,CL2A
123456,25-71-01,2019-06-03 15:48:00,2019-06-03 17:33:00,CL2A
123456,25-71-01,2019-06-03 16:15:00,2019-06-03 17:15:00,CL2A
123456,25-71-01,2019-06-03 21:03:00,2019-06-03 22:58:06,CL2A
123456,25-71-01,2019-06-03 22:58:06,2019-06-03 23:03:00,CL2A
123456,25-71-01,2019-06-04 0:56:00,2019-06-04 1:56:00,CL2A
123456,25-71-01,2019-06-04 11:10:00,2019-06-04 12:10:00,CL2A
123456,25-71-08,2019-06-03 15:35:00,2019-06-03 16:35:00,CKZD
123456,25-71-08,2019-06-03 16:56:00,2019-06-03 17:26:00,CKZD
123456,49-10-01,2019-06-21 21:56:00,2019-06-21 22:56:00,CX0N
123456,49-10-01,2019-06-25 1:13:00,2019-06-25 4:13:00,CX0N
123456,49-10-01,2019-06-25 13:40:00,2019-06-25 15:25:00,CX0N
123456,49-10-01,2019-06-27 12:42:00,2019-06-27 13:27:00,CX0N
123456,49-11-04,2019-06-21 10:02:00,2019-06-21 13:02:00,CW46
123456,49-11-04,2019-06-21 12:26:00,2019-06-21 14:26:00,CW46
123456,49-61-00,2019-06-21 18:22:00,2019-06-21 21:22:00,CX07
123456,64-10-01,2019-06-10 18:31:12,2019-06-10 19:21:00,CMVV
123456,64-10-01,2019-06-10 18:55:00,2019-06-10 19:10:00,CMVV
123456,64-10-01,2019-06-06 9:08:00,2019-06-06 15:08:00,CMVT
123456,64-10-01,2019-06-06 14:58:00,2019-06-06 15:58:00,CMVT
123456,64-10-01,2019-06-06 16:18:12,2019-06-06 16:26:00,CMVT
123456,64-10-01,2019-06-06 16:19:48,2019-06-06 16:30:00,CMVT
123456,64-10-08,2019-06-05 19:54:48,2019-06-05 19:56:00,CML1
123456,64-10-08,2019-06-05 21:22:12,2019-06-05 22:42:00,CML1
123456,64-10-08,2019-06-06 10:40:00,2019-06-06 13:00:35,CML1
123456,64-10-08,2019-06-06 13:00:35,2019-06-06 15:40:00,CML1
123456,64-10-08,2019-06-06 15:11:00,2019-06-06 16:11:00,CML1
123456,64-20-03,2019-06-10 18:37:12,2019-06-10 19:08:06,CNTB
123456,64-20-03,2019-06-10 18:57:00,2019-06-10 19:08:06,CNTB
123456,64-20-03,2019-06-10 19:08:06,2019-06-10 19:12:00,CNTB
123456,64-20-03,2019-06-10 19:08:06,2019-06-10 19:27:00,CNTB
123456,64-20-03,2019-06-07 18:40:00,2019-06-07 19:40:00,CNHY
123456,64-20-03,2019-06-07 19:40:48,2019-06-07 19:51:00,CNHY
123456,86-40-02,2019-06-05 18:48:00,2019-06-05 19:18:00,CLS4
123456,86-40-02,2019-06-10 15:36:00,2019-06-10 16:06:00,CP34
123456,86-40-02,2019-06-11 18:33:48,2019-06-11 18:44:00,CPFS
123456,86-40-02,2019-06-12 21:31:48,2019-06-12 21:42:00,CQBR
123456,86-40-02,2019-06-13 20:44:12,2019-06-13 20:49:00,CQTK
123456,86-40-02,2019-06-18 19:48:00,2019-06-18 20:18:00,CTLJ
123456,86-40-02,2019-06-19 19:35:48,2019-06-19 19:46:00,CU1X
123456,86-40-02,2019-06-05 14:41:48,2019-06-05 14:52:00,CLSB
123456,86-40-02,2019-06-10 11:39:00,2019-06-10 12:09:00,CP3C
123456,86-40-02,2019-06-11 10:44:00,2019-06-11 11:14:00,CPG0
123456,86-40-02,2019-06-12 11:32:12,2019-06-12 12:22:00,CQBZ
123456,86-40-02,2019-06-13 11:16:48,2019-06-13 11:27:00,CQTT
123456,86-40-02,2019-06-18 11:04:00,2019-06-18 11:19:00,CTLS
123456,86-40-02,2019-06-19 11:05:00,2019-06-19 11:35:00,CU26
123456,87-10-02,2019-06-14 13:14:00,2019-06-14 14:44:00,CCPQ
123456,87-10-02,2019-06-17 12:13:00,2019-06-17 12:28:00,CCPQ
123456,87-10-02,2019-06-17 12:28:00,2019-06-17 13:13:00,CCPQ
123456,87-20-70,2019-06-28 16:24:48,2019-06-28 16:29:00,CZR7
123456,88-20-02,2019-06-14 13:10:00,2019-06-14 13:40:00,BVKM
123456,88-20-02,2019-06-17 17:29:00,2019-06-17 17:59:00,BVKM
123456,88-20-02,2019-06-17 20:17:00,2019-06-17 21:56:27,BVKM
123456,88-20-02,2019-06-17 21:56:27,2019-06-18 0:17:00,BVKM
123456,88-20-03,2019-06-14 12:54:00,2019-06-14 13:54:00,BVKN
123456,88-20-03,2019-06-17 20:09:00,2019-06-17 21:55:00,BVKN
123456,88-20-03,2019-06-17 21:55:00,2019-06-18 0:09:00,BVKN
123456,88-20-03,2019-06-17 23:49:00,2019-06-18 0:19:00,BVKN
123456,92-00-00,2019-06-03 16:24:00,2019-06-03 16:42:00,CKXG
123456,92-00-00,2019-06-03 18:30:00,2019-06-03 19:30:00,CKXG
123456,92-00-00,2019-06-03 18:59:00,2019-06-03 20:29:00,CKXG
123456,92-00-00,2019-06-03 20:57:00,2019-06-03 21:03:00,CKXG
123456,92-10-11,2019-06-13 22:08:00,2019-06-13 22:38:00,CRDN
123456,92-10-11,2019-06-13 22:13:00,2019-06-13 22:43:00,CRCA
123456,93-10-04,2019-06-13 22:02:00,2019-06-13 22:32:00,CRCE
123456,93-10-04,2019-06-13 22:10:00,2019-06-13 22:40:00,CRDS
123456,C-12-148,2019-06-28 13:51:00,2019-06-28 17:51:00,A377
123456,C-12-148,2019-06-28 14:50:12,2019-06-28 17:43:00,A377
123456,C-12-148,2019-06-12 12:43:00,2019-06-12 13:28:00,CLBC
